|H|Member_Name|Member_Id|Enrollment_Date|Last_Flight_Date|Tier_Code|Agent_Name|State|Country|DOB|Is_Active
|D|Elena|223457|20101012|20121013|GLD|Sam|CA|USA|03051985|A
|D|Mateo|223459|20101012|20121013|GLD|Sam|NCR|PHIL|03051985|A
|D|Nora|22345|20101012|20121013|PLT|Sam|ONT|CAN|03051985|A
|D|Jacob|2256|20101012|20121013|SLV|Sam|VIC|AU|03051985|A
|D|Aarav||20230115|20260920|GLD|Pooja|MH|IND|12091990|A
|D|Chloe|998811|20221110|20200101|SLV|Sam|TX|USA|22081990|I
|D|Liam|554433|20210520||BRZ|Sam|ON|CAN|01011899|A
|D|Sophia|223460|20210214|20260920|PLT|Sam|NY|USA|15081988|A
|D|Arjun|223461|20220610|20260815|GLD|Sam|KA|IND|22111992|A
|D|Mei|223462|20191105|20260710|SLV|Sam|SHA|CHN|05121980|A
|D|Lucas|223463|20230120|20260901|BRZ|Sam|SP|BRA|14031995|A
|D|Emma|223464|20200812|20260630|PLT|Sam|ENG|GBR|30071983|A
|D|Hiroshi|223465|20210418|20260912|GLD|Sam|TOK|JPN|19091987|A
|D|Fatima|223466|20220901|20260520|SLV|Sam|DXB|ARE|08041991|A
|D|Oliver|223467|20230315|20260922|BRZ|Sam|NSW|AU|25121994|A
|D|Chloe|223468|20181210|20260411|PLT|Sam|IDF|FRA|11061979|A
|D|Kavya|223469|20240105|20260925|GLD|Sam|DL|IND|04021993|A
|D|Zoya|223470|20210915|20260910|SLV|Sam|MH|IND|17051992|A
|D|Noah|223471|20230411|20260918|PLT|Sam|BY|DEU|09101986|A
|D|Mia|223472|20221201|20260922|GLD|Sam|SG|SGP|21121989|A